{
  "items_tested": 10,
  "has_sympy": true,
  "has_numpy": true,
  "benchmarks": {
    "simple_compute": 1.3589859008789062e-05,
    "sympy_expand": 0.026814699172973633,
    "numpy_ops": 0.008881568908691406
  },
  "throughput_items_per_s": 10000.0
}