{
  "items_tested": 50,
  "has_sympy": true,
  "has_numpy": true,
  "benchmarks": {
    "simple_compute": 8.344650268554688e-05,
    "sympy_expand": 0.027160167694091797,
    "numpy_ops": 0.009308815002441406
  },
  "throughput_items_per_s": 50000.0
}