{
  "items_tested": 5,
  "has_sympy": true,
  "has_numpy": true,
  "benchmarks": {
    "simple_compute": 7.867813110351562e-06,
    "sympy_expand": 0.027441978454589844,
    "numpy_ops": 0.00863194465637207
  },
  "throughput_items_per_s": 5000.0
}